{"cameraMode":{"drawMode":0,"name":"Shaded","section":"Shading Mode"},"sceneLighting":false,"audioPlay":false,"sceneViewState":{"m_AlwaysRefresh":false,"showFog":true,"showSkybox":false,"showFlares":true,"showImageEffects":true,"showParticleSystems":true,"showVisualEffectGraphs":true,"m_FxEnabled":true},"in2DMode":false,"pivot":{"x":-1.548323780298233e-8,"y":2.314336597919464e-7,"z":-0.0019910656847059728},"rotation":{"x":-0.2696177065372467,"y":0.41400572657585146,"z":-0.12982740998268128,"w":-0.8597038388252258},"size":0.004675301723182201,"orthographic":true}