{"cameraMode":{"drawMode":0,"name":"Shaded","section":"Shading Mode"},"sceneLighting":false,"audioPlay":false,"sceneViewState":{"m_AlwaysRefresh":false,"showFog":true,"showSkybox":false,"showFlares":true,"showImageEffects":true,"showParticleSystems":true,"showVisualEffectGraphs":true,"m_FxEnabled":true},"in2DMode":false,"pivot":{"x":-0.0025219377130270006,"y":1.5133991837501527e-8,"z":0.00474938377737999},"rotation":{"x":-0.21566817164421082,"y":-0.6182352304458618,"z":0.18172670900821687,"w":-0.7336798310279846},"size":0.022091932594776155,"orthographic":true}