{"cameraMode":{"drawMode":0,"name":"Shaded","section":"Shading Mode"},"sceneLighting":false,"audioPlay":false,"sceneViewState":{"m_AlwaysRefresh":false,"showFog":true,"showSkybox":false,"showFlares":true,"showImageEffects":true,"showParticleSystems":true,"showVisualEffectGraphs":true,"m_FxEnabled":true},"in2DMode":false,"pivot":{"x":0.020164892077445985,"y":0.020909592509269716,"z":0.000445919344201684},"rotation":{"x":-0.2696177065372467,"y":0.41400572657585146,"z":-0.12982740998268128,"w":-0.8597038388252258},"size":0.014029658399522305,"orthographic":true}